Epoch,Train Loss,Train Accuracy
1,1.0089943481041013,0.7310242807590288
2,0.2418969842463999,0.9351662925933483
3,0.1358024456310747,0.9628647214854111
4,0.09027284919141851,0.9746990410120384
5,0.0752676283310359,0.9777086308916547
6,0.05441641141795348,0.9849010406039583
7,0.04718422493240999,0.9858192205672311
8,0.04308274248595916,0.986227300550908
9,0.037290725316741,0.9889308304427668
10,0.03462595792645329,0.9894409304223628
