Epoch,Train Accuracy
1,0.7310242807590288
2,0.9351662925933483
3,0.9628647214854111
4,0.9746990410120384
5,0.9777086308916547
6,0.9849010406039583
7,0.9858192205672311
8,0.986227300550908
9,0.9889308304427668
10,0.9894409304223628
